,datetime,predict
0,2023-09-10 00:00:00,15
1,2023-09-10 00:01:00,19
2,2023-09-10 00:10:00,16
3,2023-09-10 01:40:00,10
4,2023-09-10 16:40:00,32
5,2023-09-10 16:41:00,36
6,2023-09-10 16:42:00,30
7,2023-09-10 16:43:00,40
8,2023-09-10 16:44:00,34
9,2023-09-10 16:45:00,42
10,2023-09-10 16:46:00,29
11,2023-09-10 16:47:00,42
12,2023-09-10 16:48:00,38
13,2023-09-10 16:49:00,43
14,2023-09-10 01:41:00,9
15,2023-09-10 16:50:00,40
16,2023-09-10 16:51:00,37
17,2023-09-10 16:52:00,36
18,2023-09-10 16:53:00,41
19,2023-09-10 16:54:00,36
20,2023-09-10 16:55:00,32
21,2023-09-10 16:56:00,35
22,2023-09-10 16:57:00,31
23,2023-09-10 16:58:00,46
24,2023-09-10 16:59:00,45
25,2023-09-10 01:42:00,8
26,2023-09-10 17:00:00,40
27,2023-09-10 17:01:00,46
28,2023-09-10 17:02:00,38
29,2023-09-10 17:03:00,33
30,2023-09-10 17:04:00,39
31,2023-09-10 17:05:00,36
32,2023-09-10 17:06:00,36
33,2023-09-10 17:07:00,48
34,2023-09-10 17:08:00,38
35,2023-09-10 17:09:00,38
36,2023-09-10 01:43:00,9
37,2023-09-10 17:10:00,28
38,2023-09-10 17:11:00,30
39,2023-09-10 17:12:00,35
40,2023-09-10 17:13:00,38
41,2023-09-10 17:14:00,33
42,2023-09-10 17:15:00,35
43,2023-09-10 17:16:00,35
44,2023-09-10 17:17:00,34
45,2023-09-10 17:18:00,39
46,2023-09-10 17:19:00,31
47,2023-09-10 01:44:00,10
48,2023-09-10 17:20:00,38
49,2023-09-10 17:21:00,23
50,2023-09-10 17:22:00,30
51,2023-09-10 17:23:00,37
52,2023-09-10 17:24:00,31
53,2023-09-10 17:25:00,29
54,2023-09-10 17:26:00,34
55,2023-09-10 17:27:00,45
56,2023-09-10 17:28:00,28
57,2023-09-10 17:29:00,30
58,2023-09-10 01:45:00,12
59,2023-09-10 17:30:00,35
60,2023-09-10 17:31:00,34
61,2023-09-10 17:32:00,28
62,2023-09-10 17:33:00,42
63,2023-09-10 17:34:00,38
64,2023-09-10 17:35:00,35
65,2023-09-10 17:36:00,35
66,2023-09-10 17:37:00,42
67,2023-09-10 17:38:00,30
68,2023-09-10 17:39:00,29
69,2023-09-10 01:46:00,11
70,2023-09-10 17:40:00,32
71,2023-09-10 17:41:00,41
72,2023-09-10 17:42:00,31
73,2023-09-10 17:43:00,35
74,2023-09-10 17:44:00,37
75,2023-09-10 17:45:00,26
76,2023-09-10 17:46:00,28
77,2023-09-10 17:47:00,32
78,2023-09-10 17:48:00,39
79,2023-09-10 17:49:00,36
80,2023-09-10 01:47:00,9
81,2023-09-10 17:50:00,36
82,2023-09-10 17:51:00,48
83,2023-09-10 17:52:00,32
84,2023-09-10 17:53:00,39
85,2023-09-10 17:54:00,36
86,2023-09-10 17:55:00,39
87,2023-09-10 17:56:00,33
88,2023-09-10 17:57:00,36
89,2023-09-10 17:58:00,31
90,2023-09-10 17:59:00,32
91,2023-09-10 01:48:00,12
92,2023-09-10 18:00:00,38
93,2023-09-10 18:01:00,38
94,2023-09-10 18:02:00,38
95,2023-09-10 18:03:00,29
96,2023-09-10 18:04:00,31
97,2023-09-10 18:05:00,33
98,2023-09-10 18:06:00,26
99,2023-09-10 18:07:00,37
100,2023-09-10 18:08:00,31
101,2023-09-10 18:09:00,37
102,2023-09-10 01:49:00,12
103,2023-09-10 18:10:00,32
104,2023-09-10 18:11:00,36
105,2023-09-10 18:12:00,28
106,2023-09-10 18:13:00,30
107,2023-09-10 18:14:00,32
108,2023-09-10 18:15:00,32
109,2023-09-10 18:16:00,31
110,2023-09-10 18:17:00,29
111,2023-09-10 18:18:00,30
112,2023-09-10 18:19:00,24
113,2023-09-10 00:11:00,17
114,2023-09-10 01:50:00,18
115,2023-09-10 18:20:00,37
116,2023-09-10 18:21:00,39
117,2023-09-10 18:22:00,36
118,2023-09-10 18:23:00,29
119,2023-09-10 18:24:00,28
120,2023-09-10 18:25:00,38
121,2023-09-10 18:26:00,27
122,2023-09-10 18:27:00,30
123,2023-09-10 18:28:00,37
124,2023-09-10 18:29:00,26
125,2023-09-10 01:51:00,13
126,2023-09-10 18:30:00,32
127,2023-09-10 18:31:00,29
128,2023-09-10 18:32:00,39
129,2023-09-10 18:33:00,24
130,2023-09-10 18:34:00,33
131,2023-09-10 18:35:00,35
132,2023-09-10 18:36:00,36
133,2023-09-10 18:37:00,31
134,2023-09-10 18:38:00,29
135,2023-09-10 18:39:00,30
136,2023-09-10 01:52:00,11
137,2023-09-10 18:40:00,37
138,2023-09-10 18:41:00,27
139,2023-09-10 18:42:00,36
140,2023-09-10 18:43:00,31
141,2023-09-10 18:44:00,28
142,2023-09-10 18:45:00,28
143,2023-09-10 18:46:00,35
144,2023-09-10 18:47:00,37
145,2023-09-10 18:48:00,26
146,2023-09-10 18:49:00,26
147,2023-09-10 01:53:00,17
148,2023-09-10 18:50:00,31
149,2023-09-10 18:51:00,23
150,2023-09-10 18:52:00,36
151,2023-09-10 18:53:00,22
152,2023-09-10 18:54:00,29
153,2023-09-10 18:55:00,31
154,2023-09-10 18:56:00,29
155,2023-09-10 18:57:00,28
156,2023-09-10 18:58:00,17
157,2023-09-10 18:59:00,23
158,2023-09-10 01:54:00,10
159,2023-09-10 19:00:00,29
160,2023-09-10 19:01:00,32
161,2023-09-10 19:02:00,22
162,2023-09-10 19:03:00,36
163,2023-09-10 19:04:00,30
164,2023-09-10 19:05:00,31
165,2023-09-10 19:06:00,31
166,2023-09-10 19:07:00,30
167,2023-09-10 19:08:00,25
168,2023-09-10 19:09:00,30
169,2023-09-10 01:55:00,9
170,2023-09-10 19:10:00,27
171,2023-09-10 19:11:00,28
172,2023-09-10 19:12:00,21
173,2023-09-10 19:13:00,35
174,2023-09-10 19:14:00,18
175,2023-09-10 19:15:00,36
176,2023-09-10 19:16:00,27
177,2023-09-10 19:17:00,26
178,2023-09-10 19:18:00,20
179,2023-09-10 19:19:00,34
180,2023-09-10 01:56:00,11
181,2023-09-10 19:20:00,33
182,2023-09-10 19:21:00,36
183,2023-09-10 19:22:00,34
184,2023-09-10 19:23:00,42
185,2023-09-10 19:24:00,31
186,2023-09-10 19:25:00,27
187,2023-09-10 19:26:00,34
188,2023-09-10 19:27:00,33
189,2023-09-10 19:28:00,32
190,2023-09-10 19:29:00,35
191,2023-09-10 01:57:00,13
192,2023-09-10 19:30:00,30
193,2023-09-10 19:31:00,30
194,2023-09-10 19:32:00,25
195,2023-09-10 19:33:00,25
196,2023-09-10 19:34:00,35
197,2023-09-10 19:35:00,26
198,2023-09-10 19:36:00,27
199,2023-09-10 19:37:00,35
200,2023-09-10 19:38:00,29
201,2023-09-10 19:39:00,37
202,2023-09-10 01:58:00,15
203,2023-09-10 19:40:00,32
204,2023-09-10 19:41:00,25
205,2023-09-10 19:42:00,40
206,2023-09-10 19:43:00,35
207,2023-09-10 19:44:00,42
208,2023-09-10 19:45:00,28
209,2023-09-10 19:46:00,32
210,2023-09-10 19:47:00,28
211,2023-09-10 19:48:00,31
212,2023-09-10 19:49:00,22
213,2023-09-10 01:59:00,13
214,2023-09-10 19:50:00,28
215,2023-09-10 19:51:00,24
216,2023-09-10 19:52:00,24
217,2023-09-10 19:53:00,17
218,2023-09-10 19:54:00,30
219,2023-09-10 19:55:00,25
220,2023-09-10 19:56:00,27
221,2023-09-10 19:57:00,18
222,2023-09-10 19:58:00,31
223,2023-09-10 19:59:00,26
224,2023-09-10 00:12:00,13
225,2023-09-10 02:00:00,9
226,2023-09-10 20:00:00,27
227,2023-09-10 20:01:00,16
228,2023-09-10 20:02:00,16
229,2023-09-10 20:03:00,22
230,2023-09-10 20:04:00,16
231,2023-09-10 20:05:00,10
232,2023-09-10 20:06:00,17
233,2023-09-10 20:07:00,28
234,2023-09-10 20:08:00,22
235,2023-09-10 20:09:00,28
236,2023-09-10 02:01:00,7
237,2023-09-10 20:10:00,23
238,2023-09-10 20:11:00,28
239,2023-09-10 20:12:00,23
240,2023-09-10 20:13:00,22
241,2023-09-10 20:14:00,18
242,2023-09-10 20:15:00,18
243,2023-09-10 20:16:00,20
244,2023-09-10 20:17:00,22
245,2023-09-10 20:18:00,21
246,2023-09-10 20:19:00,19
247,2023-09-10 02:02:00,6
248,2023-09-10 20:20:00,14
249,2023-09-10 20:21:00,18
250,2023-09-10 20:22:00,20
251,2023-09-10 20:23:00,15
252,2023-09-10 20:24:00,13
253,2023-09-10 20:25:00,19
254,2023-09-10 20:26:00,21
255,2023-09-10 20:27:00,29
256,2023-09-10 20:28:00,25
257,2023-09-10 20:29:00,18
258,2023-09-10 02:03:00,11
259,2023-09-10 20:30:00,20
260,2023-09-10 20:31:00,15
261,2023-09-10 20:32:00,23
262,2023-09-10 20:33:00,18
263,2023-09-10 20:34:00,18
264,2023-09-10 20:35:00,17
265,2023-09-10 20:36:00,18
266,2023-09-10 20:37:00,16
267,2023-09-10 20:38:00,19
268,2023-09-10 20:39:00,21
269,2023-09-10 02:04:00,13
270,2023-09-10 20:40:00,19
271,2023-09-10 20:41:00,20
272,2023-09-10 20:42:00,19
273,2023-09-10 20:43:00,27
274,2023-09-10 20:44:00,17
275,2023-09-10 20:45:00,27
276,2023-09-10 20:46:00,24
277,2023-09-10 20:47:00,35
278,2023-09-10 20:48:00,19
279,2023-09-10 20:49:00,20
280,2023-09-10 02:05:00,10
281,2023-09-10 20:50:00,18
282,2023-09-10 20:51:00,14
283,2023-09-10 20:52:00,19
284,2023-09-10 20:53:00,30
285,2023-09-10 20:54:00,18
286,2023-09-10 20:55:00,17
287,2023-09-10 20:56:00,19
288,2023-09-10 20:57:00,22
289,2023-09-10 20:58:00,24
290,2023-09-10 20:59:00,26
291,2023-09-10 02:06:00,8
292,2023-09-10 21:00:00,24
293,2023-09-10 21:01:00,24
294,2023-09-10 21:02:00,25
295,2023-09-10 21:03:00,18
296,2023-09-10 21:04:00,22
297,2023-09-10 21:05:00,18
298,2023-09-10 21:06:00,17
299,2023-09-10 21:07:00,16
300,2023-09-10 21:08:00,22
301,2023-09-10 21:09:00,16
302,2023-09-10 02:07:00,8
303,2023-09-10 21:10:00,22
304,2023-09-10 21:11:00,25
305,2023-09-10 21:12:00,26
306,2023-09-10 21:13:00,17
307,2023-09-10 21:14:00,18
308,2023-09-10 21:15:00,21
309,2023-09-10 21:16:00,15
310,2023-09-10 21:17:00,28
311,2023-09-10 21:18:00,21
312,2023-09-10 21:19:00,16
313,2023-09-10 02:08:00,10
314,2023-09-10 21:20:00,21
315,2023-09-10 21:21:00,20
316,2023-09-10 21:22:00,20
317,2023-09-10 21:23:00,22
318,2023-09-10 21:24:00,14
319,2023-09-10 21:25:00,20
320,2023-09-10 21:26:00,18
321,2023-09-10 21:27:00,18
322,2023-09-10 21:28:00,23
323,2023-09-10 21:29:00,20
324,2023-09-10 02:09:00,9
325,2023-09-10 21:30:00,13
326,2023-09-10 21:31:00,38
327,2023-09-10 21:32:00,26
328,2023-09-10 21:33:00,17
329,2023-09-10 21:34:00,17
330,2023-09-10 21:35:00,24
331,2023-09-10 21:36:00,20
332,2023-09-10 21:37:00,26
333,2023-09-10 21:38:00,14
334,2023-09-10 21:39:00,16
335,2023-09-10 00:13:00,19
336,2023-09-10 02:10:00,11
337,2023-09-10 21:40:00,19
338,2023-09-10 21:41:00,16
339,2023-09-10 21:42:00,18
340,2023-09-10 21:43:00,24
341,2023-09-10 21:44:00,18
342,2023-09-10 21:45:00,15
343,2023-09-10 21:46:00,15
344,2023-09-10 21:47:00,18
345,2023-09-10 21:48:00,14
346,2023-09-10 21:49:00,21
347,2023-09-10 02:11:00,11
348,2023-09-10 21:50:00,22
349,2023-09-10 21:51:00,13
350,2023-09-10 21:52:00,16
351,2023-09-10 21:53:00,16
352,2023-09-10 21:54:00,24
353,2023-09-10 21:55:00,26
354,2023-09-10 21:56:00,20
355,2023-09-10 21:57:00,18
356,2023-09-10 21:58:00,17
357,2023-09-10 21:59:00,23
358,2023-09-10 02:12:00,12
359,2023-09-10 22:00:00,20
360,2023-09-10 22:01:00,18
361,2023-09-10 22:02:00,18
362,2023-09-10 22:03:00,15
363,2023-09-10 22:04:00,15
364,2023-09-10 22:05:00,11
365,2023-09-10 22:06:00,17
366,2023-09-10 22:07:00,14
367,2023-09-10 22:08:00,9
368,2023-09-10 22:09:00,21
369,2023-09-10 02:13:00,9
370,2023-09-10 22:10:00,14
371,2023-09-10 22:11:00,18
372,2023-09-10 22:12:00,15
373,2023-09-10 22:13:00,24
374,2023-09-10 22:14:00,23
375,2023-09-10 22:15:00,17
376,2023-09-10 22:16:00,16
377,2023-09-10 22:17:00,16
378,2023-09-10 22:18:00,16
379,2023-09-10 22:19:00,15
380,2023-09-10 02:14:00,14
381,2023-09-10 22:20:00,20
382,2023-09-10 22:21:00,16
383,2023-09-10 22:22:00,18
384,2023-09-10 22:23:00,13
385,2023-09-10 22:24:00,18
386,2023-09-10 22:25:00,18
387,2023-09-10 22:26:00,18
388,2023-09-10 22:27:00,8
389,2023-09-10 22:28:00,19
390,2023-09-10 22:29:00,15
391,2023-09-10 02:15:00,15
392,2023-09-10 22:30:00,19
393,2023-09-10 22:31:00,23
394,2023-09-10 22:32:00,32
395,2023-09-10 22:33:00,37
396,2023-09-10 22:34:00,32
397,2023-09-10 22:35:00,33
398,2023-09-10 22:36:00,37
399,2023-09-10 22:37:00,29
400,2023-09-10 22:38:00,31
401,2023-09-10 22:39:00,32
402,2023-09-10 02:16:00,13
403,2023-09-10 22:40:00,32
404,2023-09-10 22:41:00,22
405,2023-09-10 22:42:00,30
406,2023-09-10 22:43:00,28
407,2023-09-10 22:44:00,36
408,2023-09-10 22:45:00,38
409,2023-09-10 22:46:00,31
410,2023-09-10 22:47:00,39
411,2023-09-10 22:48:00,27
412,2023-09-10 22:49:00,28
413,2023-09-10 02:17:00,13
414,2023-09-10 22:50:00,29
415,2023-09-10 22:51:00,23
416,2023-09-10 22:52:00,30
417,2023-09-10 22:53:00,25
418,2023-09-10 22:54:00,25
419,2023-09-10 22:55:00,29
420,2023-09-10 22:56:00,20
421,2023-09-10 22:57:00,35
422,2023-09-10 22:58:00,24
423,2023-09-10 22:59:00,36
424,2023-09-10 02:18:00,7
425,2023-09-10 23:00:00,29
426,2023-09-10 23:01:00,24
427,2023-09-10 23:02:00,27
428,2023-09-10 23:03:00,32
429,2023-09-10 23:04:00,37
430,2023-09-10 23:05:00,23
431,2023-09-10 23:06:00,28
432,2023-09-10 23:07:00,22
433,2023-09-10 23:08:00,22
434,2023-09-10 23:09:00,31
435,2023-09-10 02:19:00,13
436,2023-09-10 23:10:00,25
437,2023-09-10 23:11:00,36
438,2023-09-10 23:12:00,29
439,2023-09-10 23:13:00,24
440,2023-09-10 23:14:00,33
441,2023-09-10 23:15:00,28
442,2023-09-10 23:16:00,29
443,2023-09-10 23:17:00,34
444,2023-09-10 23:18:00,29
445,2023-09-10 23:19:00,34
446,2023-09-10 00:14:00,16
447,2023-09-10 02:20:00,14
448,2023-09-10 23:20:00,28
449,2023-09-10 23:21:00,33
450,2023-09-10 23:22:00,29
451,2023-09-10 23:23:00,40
452,2023-09-10 23:24:00,26
453,2023-09-10 23:25:00,39
454,2023-09-10 23:26:00,29
455,2023-09-10 23:27:00,14
456,2023-09-10 23:28:00,19
457,2023-09-10 23:29:00,21
458,2023-09-10 02:21:00,7
459,2023-09-10 23:30:00,22
460,2023-09-10 23:31:00,27
461,2023-09-10 23:32:00,30
462,2023-09-10 23:33:00,17
463,2023-09-10 23:34:00,22
464,2023-09-10 23:35:00,26
465,2023-09-10 23:36:00,24
466,2023-09-10 23:37:00,25
467,2023-09-10 23:38:00,24
468,2023-09-10 23:39:00,27
469,2023-09-10 02:22:00,9
470,2023-09-10 23:40:00,28
471,2023-09-10 23:41:00,25
472,2023-09-10 23:42:00,20
473,2023-09-10 23:43:00,29
474,2023-09-10 23:44:00,15
475,2023-09-10 23:45:00,28
476,2023-09-10 23:46:00,23
477,2023-09-10 23:47:00,22
478,2023-09-10 23:48:00,22
479,2023-09-10 23:49:00,19
480,2023-09-10 02:23:00,6
481,2023-09-10 23:50:00,28
482,2023-09-10 23:51:00,25
483,2023-09-10 23:52:00,27
484,2023-09-10 23:53:00,28
485,2023-09-10 23:54:00,18
486,2023-09-10 23:55:00,25
487,2023-09-10 23:56:00,23
488,2023-09-10 23:57:00,17
489,2023-09-10 23:58:00,23
490,2023-09-10 23:59:00,16
491,2023-09-10 02:24:00,7
492,2023-09-10 02:25:00,8
493,2023-09-10 02:26:00,7
494,2023-09-10 02:27:00,7
495,2023-09-10 02:28:00,11
496,2023-09-10 02:29:00,9
497,2023-09-10 00:15:00,11
498,2023-09-10 02:30:00,10
499,2023-09-10 02:31:00,12
500,2023-09-10 02:32:00,13
501,2023-09-10 02:33:00,8
502,2023-09-10 02:34:00,15
503,2023-09-10 02:35:00,8
504,2023-09-10 02:36:00,7
505,2023-09-10 02:37:00,10
506,2023-09-10 02:38:00,8
507,2023-09-10 02:39:00,11
508,2023-09-10 00:16:00,15
509,2023-09-10 02:40:00,9
510,2023-09-10 02:41:00,9
511,2023-09-10 02:42:00,8
512,2023-09-10 02:43:00,13
513,2023-09-10 02:44:00,19
514,2023-09-10 02:45:00,15
515,2023-09-10 02:46:00,8
516,2023-09-10 02:47:00,16
517,2023-09-10 02:48:00,16
518,2023-09-10 02:49:00,9
519,2023-09-10 00:17:00,15
520,2023-09-10 02:50:00,11
521,2023-09-10 02:51:00,14
522,2023-09-10 02:52:00,10
523,2023-09-10 02:53:00,7
524,2023-09-10 02:54:00,7
525,2023-09-10 02:55:00,8
526,2023-09-10 02:56:00,11
527,2023-09-10 02:57:00,16
528,2023-09-10 02:58:00,16
529,2023-09-10 02:59:00,15
530,2023-09-10 00:18:00,18
531,2023-09-10 03:00:00,16
532,2023-09-10 03:01:00,11
533,2023-09-10 03:02:00,10
534,2023-09-10 03:03:00,12
535,2023-09-10 03:04:00,6
536,2023-09-10 03:05:00,6
537,2023-09-10 03:06:00,6
538,2023-09-10 03:07:00,10
539,2023-09-10 03:08:00,8
540,2023-09-10 03:09:00,8
541,2023-09-10 00:19:00,16
542,2023-09-10 03:10:00,9
543,2023-09-10 03:11:00,6
544,2023-09-10 03:12:00,12
545,2023-09-10 03:13:00,9
546,2023-09-10 03:14:00,15
547,2023-09-10 03:15:00,10
548,2023-09-10 03:16:00,11
549,2023-09-10 03:17:00,10
550,2023-09-10 03:18:00,9
551,2023-09-10 03:19:00,7
552,2023-09-10 00:02:00,12
553,2023-09-10 00:20:00,13
554,2023-09-10 03:20:00,6
555,2023-09-10 03:21:00,5
556,2023-09-10 03:22:00,9
557,2023-09-10 03:23:00,10
558,2023-09-10 03:24:00,15
559,2023-09-10 03:25:00,6
560,2023-09-10 03:26:00,11
561,2023-09-10 03:27:00,14
562,2023-09-10 03:28:00,11
563,2023-09-10 03:29:00,9
564,2023-09-10 00:21:00,15
565,2023-09-10 03:30:00,12
566,2023-09-10 03:31:00,7
567,2023-09-10 03:32:00,13
568,2023-09-10 03:33:00,14
569,2023-09-10 03:34:00,10
570,2023-09-10 03:35:00,10
571,2023-09-10 03:36:00,13
572,2023-09-10 03:37:00,15
573,2023-09-10 03:38:00,8
574,2023-09-10 03:39:00,13
575,2023-09-10 00:22:00,18
576,2023-09-10 03:40:00,12
577,2023-09-10 03:41:00,10
578,2023-09-10 03:42:00,14
579,2023-09-10 03:43:00,8
580,2023-09-10 03:44:00,11
581,2023-09-10 03:45:00,11
582,2023-09-10 03:46:00,11
583,2023-09-10 03:47:00,13
584,2023-09-10 03:48:00,9
585,2023-09-10 03:49:00,10
586,2023-09-10 00:23:00,15
587,2023-09-10 03:50:00,9
588,2023-09-10 03:51:00,12
589,2023-09-10 03:52:00,11
590,2023-09-10 03:53:00,13
591,2023-09-10 03:54:00,10
592,2023-09-10 03:55:00,15
593,2023-09-10 03:56:00,9
594,2023-09-10 03:57:00,12
595,2023-09-10 03:58:00,14
596,2023-09-10 03:59:00,8
597,2023-09-10 00:24:00,26
598,2023-09-10 04:00:00,10
599,2023-09-10 04:01:00,12
600,2023-09-10 04:02:00,13
601,2023-09-10 04:03:00,17
602,2023-09-10 04:04:00,8
603,2023-09-10 04:05:00,8
604,2023-09-10 04:06:00,14
605,2023-09-10 04:07:00,12
606,2023-09-10 04:08:00,18
607,2023-09-10 04:09:00,17
608,2023-09-10 00:25:00,15
609,2023-09-10 04:10:00,11
610,2023-09-10 04:11:00,17
611,2023-09-10 04:12:00,17
612,2023-09-10 04:13:00,17
613,2023-09-10 04:14:00,18
614,2023-09-10 04:15:00,21
615,2023-09-10 04:16:00,12
616,2023-09-10 04:17:00,15
617,2023-09-10 04:18:00,12
618,2023-09-10 04:19:00,12
619,2023-09-10 00:26:00,25
620,2023-09-10 04:20:00,20
621,2023-09-10 04:21:00,20
622,2023-09-10 04:22:00,17
623,2023-09-10 04:23:00,12
624,2023-09-10 04:24:00,18
625,2023-09-10 04:25:00,15
626,2023-09-10 04:26:00,14
627,2023-09-10 04:27:00,13
628,2023-09-10 04:28:00,26
629,2023-09-10 04:29:00,16
630,2023-09-10 00:27:00,17
631,2023-09-10 04:30:00,13
632,2023-09-10 04:31:00,19
633,2023-09-10 04:32:00,18
634,2023-09-10 04:33:00,19
635,2023-09-10 04:34:00,14
636,2023-09-10 04:35:00,18
637,2023-09-10 04:36:00,14
638,2023-09-10 04:37:00,20
639,2023-09-10 04:38:00,15
640,2023-09-10 04:39:00,21
641,2023-09-10 00:28:00,18
642,2023-09-10 04:40:00,12
643,2023-09-10 04:41:00,16
644,2023-09-10 04:42:00,16
645,2023-09-10 04:43:00,10
646,2023-09-10 04:44:00,13
647,2023-09-10 04:45:00,18
648,2023-09-10 04:46:00,17
649,2023-09-10 04:47:00,12
650,2023-09-10 04:48:00,15
651,2023-09-10 04:49:00,14
652,2023-09-10 00:29:00,17
653,2023-09-10 04:50:00,18
654,2023-09-10 04:51:00,15
655,2023-09-10 04:52:00,16
656,2023-09-10 04:53:00,14
657,2023-09-10 04:54:00,12
658,2023-09-10 04:55:00,9
659,2023-09-10 04:56:00,20
660,2023-09-10 04:57:00,15
661,2023-09-10 04:58:00,16
662,2023-09-10 04:59:00,18
663,2023-09-10 00:03:00,18
664,2023-09-10 00:30:00,19
665,2023-09-10 05:00:00,20
666,2023-09-10 05:01:00,20
667,2023-09-10 05:02:00,23
668,2023-09-10 05:03:00,14
669,2023-09-10 05:04:00,18
670,2023-09-10 05:05:00,17
671,2023-09-10 05:06:00,23
672,2023-09-10 05:07:00,21
673,2023-09-10 05:08:00,23
674,2023-09-10 05:09:00,21
675,2023-09-10 00:31:00,18
676,2023-09-10 05:10:00,22
677,2023-09-10 05:11:00,26
678,2023-09-10 05:12:00,25
679,2023-09-10 05:13:00,24
680,2023-09-10 05:14:00,16
681,2023-09-10 05:15:00,28
682,2023-09-10 05:16:00,22
683,2023-09-10 05:17:00,26
684,2023-09-10 05:18:00,23
685,2023-09-10 05:19:00,27
686,2023-09-10 00:32:00,18
687,2023-09-10 05:20:00,24
688,2023-09-10 05:21:00,18
689,2023-09-10 05:22:00,16
690,2023-09-10 05:23:00,29
691,2023-09-10 05:24:00,25
692,2023-09-10 05:25:00,23
693,2023-09-10 05:26:00,25
694,2023-09-10 05:27:00,30
695,2023-09-10 05:28:00,20
696,2023-09-10 05:29:00,19
697,2023-09-10 00:33:00,10
698,2023-09-10 05:30:00,23
699,2023-09-10 05:31:00,25
700,2023-09-10 05:32:00,22
701,2023-09-10 05:33:00,22
702,2023-09-10 05:34:00,16
703,2023-09-10 05:35:00,21
704,2023-09-10 05:36:00,21
705,2023-09-10 05:37:00,15
706,2023-09-10 05:38:00,28
707,2023-09-10 05:39:00,20
708,2023-09-10 00:34:00,14
709,2023-09-10 05:40:00,15
710,2023-09-10 05:41:00,28
711,2023-09-10 05:42:00,24
712,2023-09-10 05:43:00,22
713,2023-09-10 05:44:00,21
714,2023-09-10 05:45:00,20
715,2023-09-10 05:46:00,19
716,2023-09-10 05:47:00,17
717,2023-09-10 05:48:00,22
718,2023-09-10 05:49:00,14
719,2023-09-10 00:35:00,8
720,2023-09-10 05:50:00,17
721,2023-09-10 05:51:00,34
722,2023-09-10 05:52:00,17
723,2023-09-10 05:53:00,22
724,2023-09-10 05:54:00,23
725,2023-09-10 05:55:00,18
726,2023-09-10 05:56:00,19
727,2023-09-10 05:57:00,12
728,2023-09-10 05:58:00,17
729,2023-09-10 05:59:00,21
730,2023-09-10 00:36:00,19
731,2023-09-10 06:00:00,26
732,2023-09-10 06:01:00,19
733,2023-09-10 06:02:00,19
734,2023-09-10 06:03:00,23
735,2023-09-10 06:04:00,22
736,2023-09-10 06:05:00,20
737,2023-09-10 06:06:00,23
738,2023-09-10 06:07:00,29
739,2023-09-10 06:08:00,23
740,2023-09-10 06:09:00,24
741,2023-09-10 00:37:00,19
742,2023-09-10 06:10:00,30
743,2023-09-10 06:11:00,19
744,2023-09-10 06:12:00,28
745,2023-09-10 06:13:00,14
746,2023-09-10 06:14:00,32
747,2023-09-10 06:15:00,22
748,2023-09-10 06:16:00,18
749,2023-09-10 06:17:00,26
750,2023-09-10 06:18:00,27
751,2023-09-10 06:19:00,27
752,2023-09-10 00:38:00,13
753,2023-09-10 06:20:00,23
754,2023-09-10 06:21:00,35
755,2023-09-10 06:22:00,28
756,2023-09-10 06:23:00,29
757,2023-09-10 06:24:00,31
758,2023-09-10 06:25:00,31
759,2023-09-10 06:26:00,26
760,2023-09-10 06:27:00,16
761,2023-09-10 06:28:00,30
762,2023-09-10 06:29:00,32
763,2023-09-10 00:39:00,23
764,2023-09-10 06:30:00,29
765,2023-09-10 06:31:00,28
766,2023-09-10 06:32:00,24
767,2023-09-10 06:33:00,26
768,2023-09-10 06:34:00,32
769,2023-09-10 06:35:00,30
770,2023-09-10 06:36:00,29
771,2023-09-10 06:37:00,26
772,2023-09-10 06:38:00,15
773,2023-09-10 06:39:00,32
774,2023-09-10 00:04:00,13
775,2023-09-10 00:40:00,17
776,2023-09-10 06:40:00,26
777,2023-09-10 06:41:00,22
778,2023-09-10 06:42:00,18
779,2023-09-10 06:43:00,27
780,2023-09-10 06:44:00,18
781,2023-09-10 06:45:00,18
782,2023-09-10 06:46:00,33
783,2023-09-10 06:47:00,27
784,2023-09-10 06:48:00,30
785,2023-09-10 06:49:00,26
786,2023-09-10 00:41:00,17
787,2023-09-10 06:50:00,26
788,2023-09-10 06:51:00,28
789,2023-09-10 06:52:00,26
790,2023-09-10 06:53:00,37
791,2023-09-10 06:54:00,21
792,2023-09-10 06:55:00,29
793,2023-09-10 06:56:00,26
794,2023-09-10 06:57:00,24
795,2023-09-10 06:58:00,24
796,2023-09-10 06:59:00,21
797,2023-09-10 00:42:00,15
798,2023-09-10 07:00:00,24
799,2023-09-10 07:01:00,29
800,2023-09-10 07:02:00,24
801,2023-09-10 07:03:00,24
802,2023-09-10 07:04:00,27
803,2023-09-10 07:05:00,24
804,2023-09-10 07:06:00,19
805,2023-09-10 07:07:00,29
806,2023-09-10 07:08:00,15
807,2023-09-10 07:09:00,24
808,2023-09-10 00:43:00,15
809,2023-09-10 07:10:00,30
810,2023-09-10 07:11:00,28
811,2023-09-10 07:12:00,24
812,2023-09-10 07:13:00,27
813,2023-09-10 07:14:00,29
814,2023-09-10 07:15:00,28
815,2023-09-10 07:16:00,26
816,2023-09-10 07:17:00,25
817,2023-09-10 07:18:00,27
818,2023-09-10 07:19:00,28
819,2023-09-10 00:44:00,16
820,2023-09-10 07:20:00,19
821,2023-09-10 07:21:00,38
822,2023-09-10 07:22:00,30
823,2023-09-10 07:23:00,23
824,2023-09-10 07:24:00,20
825,2023-09-10 07:25:00,26
826,2023-09-10 07:26:00,22
827,2023-09-10 07:27:00,25
828,2023-09-10 07:28:00,30
829,2023-09-10 07:29:00,19
830,2023-09-10 00:45:00,20
831,2023-09-10 07:30:00,34
832,2023-09-10 07:31:00,23
833,2023-09-10 07:32:00,22
834,2023-09-10 07:33:00,29
835,2023-09-10 07:34:00,25
836,2023-09-10 07:35:00,24
837,2023-09-10 07:36:00,18
838,2023-09-10 07:37:00,26
839,2023-09-10 07:38:00,26
840,2023-09-10 07:39:00,25
841,2023-09-10 00:46:00,15
842,2023-09-10 07:40:00,25
843,2023-09-10 07:41:00,29
844,2023-09-10 07:42:00,27
845,2023-09-10 07:43:00,24
846,2023-09-10 07:44:00,29
847,2023-09-10 07:45:00,27
848,2023-09-10 07:46:00,19
849,2023-09-10 07:47:00,24
850,2023-09-10 07:48:00,30
851,2023-09-10 07:49:00,19
852,2023-09-10 00:47:00,11
853,2023-09-10 07:50:00,29
854,2023-09-10 07:51:00,29
855,2023-09-10 07:52:00,29
856,2023-09-10 07:53:00,25
857,2023-09-10 07:54:00,23
858,2023-09-10 07:55:00,21
859,2023-09-10 07:56:00,36
860,2023-09-10 07:57:00,21
861,2023-09-10 07:58:00,23
862,2023-09-10 07:59:00,24
863,2023-09-10 00:48:00,13
864,2023-09-10 08:00:00,26
865,2023-09-10 08:01:00,25
866,2023-09-10 08:02:00,21
867,2023-09-10 08:03:00,35
868,2023-09-10 08:04:00,41
869,2023-09-10 08:05:00,42
870,2023-09-10 08:06:00,28
871,2023-09-10 08:07:00,36
872,2023-09-10 08:08:00,36
873,2023-09-10 08:09:00,30
874,2023-09-10 00:49:00,18
875,2023-09-10 08:10:00,45
876,2023-09-10 08:11:00,40
877,2023-09-10 08:12:00,42
878,2023-09-10 08:13:00,42
879,2023-09-10 08:14:00,40
880,2023-09-10 08:15:00,38
881,2023-09-10 08:16:00,36
882,2023-09-10 08:17:00,35
883,2023-09-10 08:18:00,33
884,2023-09-10 08:19:00,35
885,2023-09-10 00:05:00,15
886,2023-09-10 00:50:00,14
887,2023-09-10 08:20:00,48
888,2023-09-10 08:21:00,45
889,2023-09-10 08:22:00,37
890,2023-09-10 08:23:00,38
891,2023-09-10 08:24:00,42
892,2023-09-10 08:25:00,37
893,2023-09-10 08:26:00,39
894,2023-09-10 08:27:00,28
895,2023-09-10 08:28:00,46
896,2023-09-10 08:29:00,36
897,2023-09-10 00:51:00,16
898,2023-09-10 08:30:00,32
899,2023-09-10 08:31:00,27
900,2023-09-10 08:32:00,22
901,2023-09-10 08:33:00,43
902,2023-09-10 08:34:00,50
903,2023-09-10 08:35:00,41
904,2023-09-10 08:36:00,32
905,2023-09-10 08:37:00,31
906,2023-09-10 08:38:00,22
907,2023-09-10 08:39:00,38
908,2023-09-10 00:52:00,11
909,2023-09-10 08:40:00,29
910,2023-09-10 08:41:00,35
911,2023-09-10 08:42:00,24
912,2023-09-10 08:43:00,37
913,2023-09-10 08:44:00,39
914,2023-09-10 08:45:00,44
915,2023-09-10 08:46:00,48
916,2023-09-10 08:47:00,37
917,2023-09-10 08:48:00,35
918,2023-09-10 08:49:00,35
919,2023-09-10 00:53:00,11
920,2023-09-10 08:50:00,32
921,2023-09-10 08:51:00,43
922,2023-09-10 08:52:00,36
923,2023-09-10 08:53:00,29
924,2023-09-10 08:54:00,34
925,2023-09-10 08:55:00,46
926,2023-09-10 08:56:00,35
927,2023-09-10 08:57:00,38
928,2023-09-10 08:58:00,44
929,2023-09-10 08:59:00,42
930,2023-09-10 00:54:00,12
931,2023-09-10 09:00:00,27
932,2023-09-10 09:01:00,33
933,2023-09-10 09:02:00,40
934,2023-09-10 09:03:00,29
935,2023-09-10 09:04:00,36
936,2023-09-10 09:05:00,42
937,2023-09-10 09:06:00,40
938,2023-09-10 09:07:00,40
939,2023-09-10 09:08:00,42
940,2023-09-10 09:09:00,42
941,2023-09-10 00:55:00,13
942,2023-09-10 09:10:00,42
943,2023-09-10 09:11:00,37
944,2023-09-10 09:12:00,34
945,2023-09-10 09:13:00,34
946,2023-09-10 09:14:00,36
947,2023-09-10 09:15:00,34
948,2023-09-10 09:16:00,36
949,2023-09-10 09:17:00,32
950,2023-09-10 09:18:00,30
951,2023-09-10 09:19:00,28
952,2023-09-10 00:56:00,12
953,2023-09-10 09:20:00,23
954,2023-09-10 09:21:00,25
955,2023-09-10 09:22:00,26
956,2023-09-10 09:23:00,35
957,2023-09-10 09:24:00,32
958,2023-09-10 09:25:00,30
959,2023-09-10 09:26:00,16
960,2023-09-10 09:27:00,28
961,2023-09-10 09:28:00,34
962,2023-09-10 09:29:00,27
963,2023-09-10 00:57:00,16
964,2023-09-10 09:30:00,31
965,2023-09-10 09:31:00,20
966,2023-09-10 09:32:00,23
967,2023-09-10 09:33:00,25
968,2023-09-10 09:34:00,19
969,2023-09-10 09:35:00,24
970,2023-09-10 09:36:00,31
971,2023-09-10 09:37:00,32
972,2023-09-10 09:38:00,28
973,2023-09-10 09:39:00,33
974,2023-09-10 00:58:00,9
975,2023-09-10 09:40:00,21
976,2023-09-10 09:41:00,20
977,2023-09-10 09:42:00,28
978,2023-09-10 09:43:00,22
979,2023-09-10 09:44:00,29
980,2023-09-10 09:45:00,25
981,2023-09-10 09:46:00,31
982,2023-09-10 09:47:00,19
983,2023-09-10 09:48:00,22
984,2023-09-10 09:49:00,19
985,2023-09-10 00:59:00,12
986,2023-09-10 09:50:00,27
987,2023-09-10 09:51:00,20
988,2023-09-10 09:52:00,23
989,2023-09-10 09:53:00,20
990,2023-09-10 09:54:00,21
991,2023-09-10 09:55:00,29
992,2023-09-10 09:56:00,27
993,2023-09-10 09:57:00,23
994,2023-09-10 09:58:00,17
995,2023-09-10 09:59:00,31
996,2023-09-10 00:06:00,17
997,2023-09-10 01:00:00,13
998,2023-09-10 10:00:00,19
999,2023-09-10 10:01:00,23
1000,2023-09-10 10:02:00,16
1001,2023-09-10 10:03:00,19
1002,2023-09-10 10:04:00,15
1003,2023-09-10 10:05:00,18
1004,2023-09-10 10:06:00,24
1005,2023-09-10 10:07:00,21
1006,2023-09-10 10:08:00,22
1007,2023-09-10 10:09:00,18
1008,2023-09-10 01:01:00,14
1009,2023-09-10 10:10:00,12
1010,2023-09-10 10:11:00,19
1011,2023-09-10 10:12:00,24
1012,2023-09-10 10:13:00,21
1013,2023-09-10 10:14:00,25
1014,2023-09-10 10:15:00,18
1015,2023-09-10 10:16:00,15
1016,2023-09-10 10:17:00,26
1017,2023-09-10 10:18:00,12
1018,2023-09-10 10:19:00,21
1019,2023-09-10 01:02:00,18
1020,2023-09-10 10:20:00,21
1021,2023-09-10 10:21:00,13
1022,2023-09-10 10:22:00,17
1023,2023-09-10 10:23:00,22
1024,2023-09-10 10:24:00,21
1025,2023-09-10 10:25:00,20
1026,2023-09-10 10:26:00,21
1027,2023-09-10 10:27:00,19
1028,2023-09-10 10:28:00,14
1029,2023-09-10 10:29:00,16
1030,2023-09-10 01:03:00,17
1031,2023-09-10 10:30:00,17
1032,2023-09-10 10:31:00,14
1033,2023-09-10 10:32:00,13
1034,2023-09-10 10:33:00,11
1035,2023-09-10 10:34:00,13
1036,2023-09-10 10:35:00,20
1037,2023-09-10 10:36:00,11
1038,2023-09-10 10:37:00,18
1039,2023-09-10 10:38:00,28
1040,2023-09-10 10:39:00,23
1041,2023-09-10 01:04:00,10
1042,2023-09-10 10:40:00,20
1043,2023-09-10 10:41:00,19
1044,2023-09-10 10:42:00,18
1045,2023-09-10 10:43:00,20
1046,2023-09-10 10:44:00,13
1047,2023-09-10 10:45:00,14
1048,2023-09-10 10:46:00,12
1049,2023-09-10 10:47:00,15
1050,2023-09-10 10:48:00,14
1051,2023-09-10 10:49:00,14
1052,2023-09-10 01:05:00,11
1053,2023-09-10 10:50:00,12
1054,2023-09-10 10:51:00,13
1055,2023-09-10 10:52:00,10
1056,2023-09-10 10:53:00,18
1057,2023-09-10 10:54:00,15
1058,2023-09-10 10:55:00,15
1059,2023-09-10 10:56:00,14
1060,2023-09-10 10:57:00,18
1061,2023-09-10 10:58:00,21
1062,2023-09-10 10:59:00,16
1063,2023-09-10 01:06:00,11
1064,2023-09-10 11:00:00,23
1065,2023-09-10 11:01:00,10
1066,2023-09-10 11:02:00,9
1067,2023-09-10 11:03:00,16
1068,2023-09-10 11:04:00,22
1069,2023-09-10 11:05:00,18
1070,2023-09-10 11:06:00,21
1071,2023-09-10 11:07:00,23
1072,2023-09-10 11:08:00,18
1073,2023-09-10 11:09:00,10
1074,2023-09-10 01:07:00,10
1075,2023-09-10 11:10:00,18
1076,2023-09-10 11:11:00,10
1077,2023-09-10 11:12:00,15
1078,2023-09-10 11:13:00,10
1079,2023-09-10 11:14:00,13
1080,2023-09-10 11:15:00,16
1081,2023-09-10 11:16:00,16
1082,2023-09-10 11:17:00,19
1083,2023-09-10 11:18:00,12
1084,2023-09-10 11:19:00,16
1085,2023-09-10 01:08:00,15
1086,2023-09-10 11:20:00,15
1087,2023-09-10 11:21:00,19
1088,2023-09-10 11:22:00,21
1089,2023-09-10 11:23:00,17
1090,2023-09-10 11:24:00,22
1091,2023-09-10 11:25:00,9
1092,2023-09-10 11:26:00,23
1093,2023-09-10 11:27:00,8
1094,2023-09-10 11:28:00,17
1095,2023-09-10 11:29:00,14
1096,2023-09-10 01:09:00,10
1097,2023-09-10 11:30:00,15
1098,2023-09-10 11:31:00,17
1099,2023-09-10 11:32:00,15
1100,2023-09-10 11:33:00,16
1101,2023-09-10 11:34:00,20
1102,2023-09-10 11:35:00,12
1103,2023-09-10 11:36:00,20
1104,2023-09-10 11:37:00,10
1105,2023-09-10 11:38:00,14
1106,2023-09-10 11:39:00,17
1107,2023-09-10 00:07:00,12
1108,2023-09-10 01:10:00,12
1109,2023-09-10 11:40:00,18
1110,2023-09-10 11:41:00,23
1111,2023-09-10 11:42:00,15
1112,2023-09-10 11:43:00,18
1113,2023-09-10 11:44:00,27
1114,2023-09-10 11:45:00,14
1115,2023-09-10 11:46:00,16
1116,2023-09-10 11:47:00,12
1117,2023-09-10 11:48:00,23
1118,2023-09-10 11:49:00,18
1119,2023-09-10 01:11:00,17
1120,2023-09-10 11:50:00,14
1121,2023-09-10 11:51:00,24
1122,2023-09-10 11:52:00,17
1123,2023-09-10 11:53:00,17
1124,2023-09-10 11:54:00,21
1125,2023-09-10 11:55:00,16
1126,2023-09-10 11:56:00,27
1127,2023-09-10 11:57:00,15
1128,2023-09-10 11:58:00,24
1129,2023-09-10 11:59:00,16
1130,2023-09-10 01:12:00,11
1131,2023-09-10 12:00:00,21
1132,2023-09-10 12:01:00,17
1133,2023-09-10 12:02:00,18
1134,2023-09-10 12:03:00,17
1135,2023-09-10 12:04:00,13
1136,2023-09-10 12:05:00,20
1137,2023-09-10 12:06:00,28
1138,2023-09-10 12:07:00,22
1139,2023-09-10 12:08:00,23
1140,2023-09-10 12:09:00,12
1141,2023-09-10 01:13:00,13
1142,2023-09-10 12:10:00,26
1143,2023-09-10 12:11:00,18
1144,2023-09-10 12:12:00,23
1145,2023-09-10 12:13:00,24
1146,2023-09-10 12:14:00,14
1147,2023-09-10 12:15:00,24
1148,2023-09-10 12:16:00,17
1149,2023-09-10 12:17:00,27
1150,2023-09-10 12:18:00,25
1151,2023-09-10 12:19:00,22
1152,2023-09-10 01:14:00,9
1153,2023-09-10 12:20:00,21
1154,2023-09-10 12:21:00,22
1155,2023-09-10 12:22:00,15
1156,2023-09-10 12:23:00,19
1157,2023-09-10 12:24:00,22
1158,2023-09-10 12:25:00,25
1159,2023-09-10 12:26:00,18
1160,2023-09-10 12:27:00,21
1161,2023-09-10 12:28:00,25
1162,2023-09-10 12:29:00,26
1163,2023-09-10 01:15:00,9
1164,2023-09-10 12:30:00,20
1165,2023-09-10 12:31:00,20
1166,2023-09-10 12:32:00,19
1167,2023-09-10 12:33:00,19
1168,2023-09-10 12:34:00,26
1169,2023-09-10 12:35:00,19
1170,2023-09-10 12:36:00,24
1171,2023-09-10 12:37:00,20
1172,2023-09-10 12:38:00,13
1173,2023-09-10 12:39:00,25
1174,2023-09-10 01:16:00,13
1175,2023-09-10 12:40:00,24
1176,2023-09-10 12:41:00,21
1177,2023-09-10 12:42:00,24
1178,2023-09-10 12:43:00,20
1179,2023-09-10 12:44:00,25
1180,2023-09-10 12:45:00,26
1181,2023-09-10 12:46:00,28
1182,2023-09-10 12:47:00,22
1183,2023-09-10 12:48:00,21
1184,2023-09-10 12:49:00,24
1185,2023-09-10 01:17:00,13
1186,2023-09-10 12:50:00,16
1187,2023-09-10 12:51:00,16
1188,2023-09-10 12:52:00,22
1189,2023-09-10 12:53:00,27
1190,2023-09-10 12:54:00,20
1191,2023-09-10 12:55:00,24
1192,2023-09-10 12:56:00,22
1193,2023-09-10 12:57:00,22
1194,2023-09-10 12:58:00,18
1195,2023-09-10 12:59:00,17
1196,2023-09-10 01:18:00,16
1197,2023-09-10 13:00:00,25
1198,2023-09-10 13:01:00,14
1199,2023-09-10 13:02:00,19
1200,2023-09-10 13:03:00,22
1201,2023-09-10 13:04:00,15
1202,2023-09-10 13:05:00,24
1203,2023-09-10 13:06:00,15
1204,2023-09-10 13:07:00,23
1205,2023-09-10 13:08:00,22
1206,2023-09-10 13:09:00,30
1207,2023-09-10 01:19:00,10
1208,2023-09-10 13:10:00,31
1209,2023-09-10 13:11:00,21
1210,2023-09-10 13:12:00,27
1211,2023-09-10 13:13:00,24
1212,2023-09-10 13:14:00,22
1213,2023-09-10 13:15:00,21
1214,2023-09-10 13:16:00,26
1215,2023-09-10 13:17:00,20
1216,2023-09-10 13:18:00,22
1217,2023-09-10 13:19:00,21
1218,2023-09-10 00:08:00,16
1219,2023-09-10 01:20:00,17
1220,2023-09-10 13:20:00,32
1221,2023-09-10 13:21:00,24
1222,2023-09-10 13:22:00,25
1223,2023-09-10 13:23:00,28
1224,2023-09-10 13:24:00,20
1225,2023-09-10 13:25:00,27
1226,2023-09-10 13:26:00,29
1227,2023-09-10 13:27:00,21
1228,2023-09-10 13:28:00,25
1229,2023-09-10 13:29:00,32
1230,2023-09-10 01:21:00,10
1231,2023-09-10 13:30:00,29
1232,2023-09-10 13:31:00,24
1233,2023-09-10 13:32:00,25
1234,2023-09-10 13:33:00,34
1235,2023-09-10 13:34:00,28
1236,2023-09-10 13:35:00,13
1237,2023-09-10 13:36:00,33
1238,2023-09-10 13:37:00,19
1239,2023-09-10 13:38:00,27
1240,2023-09-10 13:39:00,13
1241,2023-09-10 01:22:00,10
1242,2023-09-10 13:40:00,18
1243,2023-09-10 13:41:00,21
1244,2023-09-10 13:42:00,25
1245,2023-09-10 13:43:00,19
1246,2023-09-10 13:44:00,19
1247,2023-09-10 13:45:00,20
1248,2023-09-10 13:46:00,26
1249,2023-09-10 13:47:00,21
1250,2023-09-10 13:48:00,23
1251,2023-09-10 13:49:00,20
1252,2023-09-10 01:23:00,10
1253,2023-09-10 13:50:00,32
1254,2023-09-10 13:51:00,24
1255,2023-09-10 13:52:00,24
1256,2023-09-10 13:53:00,20
1257,2023-09-10 13:54:00,16
1258,2023-09-10 13:55:00,15
1259,2023-09-10 13:56:00,17
1260,2023-09-10 13:57:00,19
1261,2023-09-10 13:58:00,36
1262,2023-09-10 13:59:00,29
1263,2023-09-10 01:24:00,7
1264,2023-09-10 14:00:00,24
1265,2023-09-10 14:01:00,24
1266,2023-09-10 14:02:00,22
1267,2023-09-10 14:03:00,19
1268,2023-09-10 14:04:00,23
1269,2023-09-10 14:05:00,13
1270,2023-09-10 14:06:00,18
1271,2023-09-10 14:07:00,20
1272,2023-09-10 14:08:00,19
1273,2023-09-10 14:09:00,27
1274,2023-09-10 01:25:00,12
1275,2023-09-10 14:10:00,15
1276,2023-09-10 14:11:00,16
1277,2023-09-10 14:12:00,21
1278,2023-09-10 14:13:00,19
1279,2023-09-10 14:14:00,18
1280,2023-09-10 14:15:00,16
1281,2023-09-10 14:16:00,26
1282,2023-09-10 14:17:00,21
1283,2023-09-10 14:18:00,18
1284,2023-09-10 14:19:00,14
1285,2023-09-10 01:26:00,11
1286,2023-09-10 14:20:00,16
1287,2023-09-10 14:21:00,14
1288,2023-09-10 14:22:00,24
1289,2023-09-10 14:23:00,23
1290,2023-09-10 14:24:00,17
1291,2023-09-10 14:25:00,11
1292,2023-09-10 14:26:00,21
1293,2023-09-10 14:27:00,27
1294,2023-09-10 14:28:00,27
1295,2023-09-10 14:29:00,23
1296,2023-09-10 01:27:00,15
1297,2023-09-10 14:30:00,18
1298,2023-09-10 14:31:00,21
1299,2023-09-10 14:32:00,21
1300,2023-09-10 14:33:00,26
1301,2023-09-10 14:34:00,16
1302,2023-09-10 14:35:00,12
1303,2023-09-10 14:36:00,26
1304,2023-09-10 14:37:00,26
1305,2023-09-10 14:38:00,20
1306,2023-09-10 14:39:00,21
1307,2023-09-10 01:28:00,17
1308,2023-09-10 14:40:00,23
1309,2023-09-10 14:41:00,26
1310,2023-09-10 14:42:00,24
1311,2023-09-10 14:43:00,21
1312,2023-09-10 14:44:00,23
1313,2023-09-10 14:45:00,18
1314,2023-09-10 14:46:00,32
1315,2023-09-10 14:47:00,23
1316,2023-09-10 14:48:00,23
1317,2023-09-10 14:49:00,23
1318,2023-09-10 01:29:00,14
1319,2023-09-10 14:50:00,30
1320,2023-09-10 14:51:00,32
1321,2023-09-10 14:52:00,23
1322,2023-09-10 14:53:00,27
1323,2023-09-10 14:54:00,23
1324,2023-09-10 14:55:00,21
1325,2023-09-10 14:56:00,20
1326,2023-09-10 14:57:00,22
1327,2023-09-10 14:58:00,17
1328,2023-09-10 14:59:00,20
1329,2023-09-10 00:09:00,16
1330,2023-09-10 01:30:00,13
1331,2023-09-10 15:00:00,14
1332,2023-09-10 15:01:00,19
1333,2023-09-10 15:02:00,25
1334,2023-09-10 15:03:00,19
1335,2023-09-10 15:04:00,15
1336,2023-09-10 15:05:00,22
1337,2023-09-10 15:06:00,24
1338,2023-09-10 15:07:00,29
1339,2023-09-10 15:08:00,18
1340,2023-09-10 15:09:00,27
1341,2023-09-10 01:31:00,9
1342,2023-09-10 15:10:00,14
1343,2023-09-10 15:11:00,22
1344,2023-09-10 15:12:00,13
1345,2023-09-10 15:13:00,20
1346,2023-09-10 15:14:00,24
1347,2023-09-10 15:15:00,27
1348,2023-09-10 15:16:00,23
1349,2023-09-10 15:17:00,30
1350,2023-09-10 15:18:00,34
1351,2023-09-10 15:19:00,27
1352,2023-09-10 01:32:00,9
1353,2023-09-10 15:20:00,35
1354,2023-09-10 15:21:00,29
1355,2023-09-10 15:22:00,25
1356,2023-09-10 15:23:00,24
1357,2023-09-10 15:24:00,26
1358,2023-09-10 15:25:00,24
1359,2023-09-10 15:26:00,26
1360,2023-09-10 15:27:00,34
1361,2023-09-10 15:28:00,37
1362,2023-09-10 15:29:00,39
1363,2023-09-10 01:33:00,12
1364,2023-09-10 15:30:00,31
1365,2023-09-10 15:31:00,35
1366,2023-09-10 15:32:00,41
1367,2023-09-10 15:33:00,40
1368,2023-09-10 15:34:00,35
1369,2023-09-10 15:35:00,40
1370,2023-09-10 15:36:00,39
1371,2023-09-10 15:37:00,33
1372,2023-09-10 15:38:00,37
1373,2023-09-10 15:39:00,47
1374,2023-09-10 01:34:00,13
1375,2023-09-10 15:40:00,37
1376,2023-09-10 15:41:00,36
1377,2023-09-10 15:42:00,39
1378,2023-09-10 15:43:00,42
1379,2023-09-10 15:44:00,41
1380,2023-09-10 15:45:00,41
1381,2023-09-10 15:46:00,36
1382,2023-09-10 15:47:00,34
1383,2023-09-10 15:48:00,26
1384,2023-09-10 15:49:00,39
1385,2023-09-10 01:35:00,15
1386,2023-09-10 15:50:00,24
1387,2023-09-10 15:51:00,36
1388,2023-09-10 15:52:00,29
1389,2023-09-10 15:53:00,33
1390,2023-09-10 15:54:00,37
1391,2023-09-10 15:55:00,21
1392,2023-09-10 15:56:00,41
1393,2023-09-10 15:57:00,34
1394,2023-09-10 15:58:00,31
1395,2023-09-10 15:59:00,39
1396,2023-09-10 01:36:00,10
1397,2023-09-10 16:00:00,34
1398,2023-09-10 16:01:00,28
1399,2023-09-10 16:02:00,31
1400,2023-09-10 16:03:00,33
1401,2023-09-10 16:04:00,38
1402,2023-09-10 16:05:00,46
1403,2023-09-10 16:06:00,48
1404,2023-09-10 16:07:00,40
1405,2023-09-10 16:08:00,43
1406,2023-09-10 16:09:00,35
1407,2023-09-10 01:37:00,13
1408,2023-09-10 16:10:00,38
1409,2023-09-10 16:11:00,37
1410,2023-09-10 16:12:00,46
1411,2023-09-10 16:13:00,40
1412,2023-09-10 16:14:00,37
1413,2023-09-10 16:15:00,35
1414,2023-09-10 16:16:00,33
1415,2023-09-10 16:17:00,30
1416,2023-09-10 16:18:00,28
1417,2023-09-10 16:19:00,36
1418,2023-09-10 01:38:00,9
1419,2023-09-10 16:20:00,44
1420,2023-09-10 16:21:00,28
1421,2023-09-10 16:22:00,39
1422,2023-09-10 16:23:00,40
1423,2023-09-10 16:24:00,40
1424,2023-09-10 16:25:00,37
1425,2023-09-10 16:26:00,41
1426,2023-09-10 16:27:00,27
1427,2023-09-10 16:28:00,41
1428,2023-09-10 16:29:00,30
1429,2023-09-10 01:39:00,13
1430,2023-09-10 16:30:00,40
1431,2023-09-10 16:31:00,43
1432,2023-09-10 16:32:00,30
1433,2023-09-10 16:33:00,34
1434,2023-09-10 16:34:00,29
1435,2023-09-10 16:35:00,26
1436,2023-09-10 16:36:00,36
1437,2023-09-10 16:37:00,34
1438,2023-09-10 16:38:00,42
1439,2023-09-10 16:39:00,38
1440,2023-09-09 16:40:00,36
1441,2023-09-09 16:41:00,40
1442,2023-09-09 16:42:00,42
1443,2023-09-09 16:43:00,35
1444,2023-09-09 16:44:00,46
1445,2023-09-09 16:45:00,39
1446,2023-09-09 16:46:00,34
1447,2023-09-09 16:47:00,34
1448,2023-09-09 16:48:00,39
1449,2023-09-09 16:49:00,36
1450,2023-09-09 16:50:00,40
1451,2023-09-09 16:51:00,36
1452,2023-09-09 16:52:00,36
1453,2023-09-09 16:53:00,39
1454,2023-09-09 16:54:00,34
1455,2023-09-09 16:55:00,35
1456,2023-09-09 16:56:00,42
1457,2023-09-09 16:57:00,40
1458,2023-09-09 16:58:00,37
1459,2023-09-09 16:59:00,41
1460,2023-09-09 17:00:00,44
1461,2023-09-09 17:01:00,30
1462,2023-09-09 17:02:00,54
1463,2023-09-09 17:03:00,33
1464,2023-09-09 17:04:00,35
1465,2023-09-09 17:05:00,39
1466,2023-09-09 17:06:00,51
1467,2023-09-09 17:07:00,40
1468,2023-09-09 17:08:00,42
1469,2023-09-09 17:09:00,43
1470,2023-09-09 17:10:00,42
1471,2023-09-09 17:11:00,34
1472,2023-09-09 17:12:00,36
1473,2023-09-09 17:13:00,25
1474,2023-09-09 17:14:00,42
1475,2023-09-09 17:15:00,34
1476,2023-09-09 17:16:00,42
1477,2023-09-09 17:17:00,35
1478,2023-09-09 17:18:00,26
1479,2023-09-09 17:19:00,28
1480,2023-09-09 17:20:00,40
1481,2023-09-09 17:21:00,32
1482,2023-09-09 17:22:00,25
1483,2023-09-09 17:23:00,33
1484,2023-09-09 17:24:00,38
1485,2023-09-09 17:25:00,23
1486,2023-09-09 17:26:00,31
1487,2023-09-09 17:27:00,35
1488,2023-09-09 17:28:00,34
1489,2023-09-09 17:29:00,29
1490,2023-09-09 17:30:00,29
1491,2023-09-09 17:31:00,26
1492,2023-09-09 17:32:00,33
1493,2023-09-09 17:33:00,34
1494,2023-09-09 17:34:00,24
1495,2023-09-09 17:35:00,27
1496,2023-09-09 17:36:00,16
1497,2023-09-09 17:37:00,31
1498,2023-09-09 17:38:00,28
1499,2023-09-09 17:39:00,18
1500,2023-09-09 17:40:00,28
1501,2023-09-09 17:41:00,26
1502,2023-09-09 17:42:00,28
1503,2023-09-09 17:43:00,32
1504,2023-09-09 17:44:00,21
1505,2023-09-09 17:45:00,29
1506,2023-09-09 17:46:00,22
1507,2023-09-09 17:47:00,29
1508,2023-09-09 17:48:00,26
1509,2023-09-09 17:49:00,37
1510,2023-09-09 17:50:00,34
1511,2023-09-09 17:51:00,39
1512,2023-09-09 17:52:00,34
1513,2023-09-09 17:53:00,31
1514,2023-09-09 17:54:00,28
1515,2023-09-09 17:55:00,34
1516,2023-09-09 17:56:00,36
1517,2023-09-09 17:57:00,31
1518,2023-09-09 17:58:00,32
1519,2023-09-09 17:59:00,30
1520,2023-09-09 18:00:00,23
1521,2023-09-09 18:01:00,21
1522,2023-09-09 18:02:00,27
1523,2023-09-09 18:03:00,15
1524,2023-09-09 18:04:00,21
1525,2023-09-09 18:05:00,22
1526,2023-09-09 18:06:00,29
1527,2023-09-09 18:07:00,32
1528,2023-09-09 18:08:00,23
1529,2023-09-09 18:09:00,34
1530,2023-09-09 18:10:00,36
1531,2023-09-09 18:11:00,38
1532,2023-09-09 18:12:00,25
1533,2023-09-09 18:13:00,30
1534,2023-09-09 18:14:00,29
1535,2023-09-09 18:15:00,24
1536,2023-09-09 18:16:00,26
1537,2023-09-09 18:17:00,29
1538,2023-09-09 18:18:00,30
1539,2023-09-09 18:19:00,32
1540,2023-09-09 18:20:00,31
1541,2023-09-09 18:21:00,27
1542,2023-09-09 18:22:00,24
1543,2023-09-09 18:23:00,28
1544,2023-09-09 18:24:00,36
1545,2023-09-09 18:25:00,32
1546,2023-09-09 18:26:00,35
1547,2023-09-09 18:27:00,40
1548,2023-09-09 18:28:00,29
1549,2023-09-09 18:29:00,42
1550,2023-09-09 18:30:00,27
1551,2023-09-09 18:31:00,33
1552,2023-09-09 18:32:00,33
1553,2023-09-09 18:33:00,29
1554,2023-09-09 18:34:00,32
1555,2023-09-09 18:35:00,28
1556,2023-09-09 18:36:00,30
1557,2023-09-09 18:37:00,31
1558,2023-09-09 18:38:00,27
1559,2023-09-09 18:39:00,27
1560,2023-09-09 18:40:00,32
1561,2023-09-09 18:41:00,27
1562,2023-09-09 18:42:00,18
1563,2023-09-09 18:43:00,32
1564,2023-09-09 18:44:00,27
1565,2023-09-09 18:45:00,25
1566,2023-09-09 18:46:00,28
1567,2023-09-09 18:47:00,25
1568,2023-09-09 18:48:00,25
1569,2023-09-09 18:49:00,27
1570,2023-09-09 18:50:00,32
1571,2023-09-09 18:51:00,30
1572,2023-09-09 18:52:00,30
1573,2023-09-09 18:53:00,34
1574,2023-09-09 18:54:00,25
1575,2023-09-09 18:55:00,22
1576,2023-09-09 18:56:00,28
1577,2023-09-09 18:57:00,24
1578,2023-09-09 18:58:00,20
1579,2023-09-09 18:59:00,28
1580,2023-09-09 19:00:00,24
1581,2023-09-09 19:01:00,28
1582,2023-09-09 19:02:00,15
1583,2023-09-09 19:03:00,24
1584,2023-09-09 19:04:00,25
1585,2023-09-09 19:05:00,21
1586,2023-09-09 19:06:00,22
1587,2023-09-09 19:07:00,26
1588,2023-09-09 19:08:00,19
1589,2023-09-09 19:09:00,24
1590,2023-09-09 19:10:00,16
1591,2023-09-09 19:11:00,27
1592,2023-09-09 19:12:00,21
1593,2023-09-09 19:13:00,30
1594,2023-09-09 19:14:00,27
1595,2023-09-09 19:15:00,17
1596,2023-09-09 19:16:00,33
1597,2023-09-09 19:17:00,20
1598,2023-09-09 19:18:00,22
1599,2023-09-09 19:19:00,13
1600,2023-09-09 19:20:00,21
1601,2023-09-09 19:21:00,21
1602,2023-09-09 19:22:00,16
1603,2023-09-09 19:23:00,21
1604,2023-09-09 19:24:00,24
1605,2023-09-09 19:25:00,27
1606,2023-09-09 19:26:00,21
1607,2023-09-09 19:27:00,19
1608,2023-09-09 19:28:00,22
1609,2023-09-09 19:29:00,23
1610,2023-09-09 19:30:00,27
1611,2023-09-09 19:31:00,15
1612,2023-09-09 19:32:00,24
1613,2023-09-09 19:33:00,34
1614,2023-09-09 19:34:00,27
1615,2023-09-09 19:35:00,20
1616,2023-09-09 19:36:00,25
1617,2023-09-09 19:37:00,37
1618,2023-09-09 19:38:00,31
1619,2023-09-09 19:39:00,26
1620,2023-09-09 19:40:00,20
1621,2023-09-09 19:41:00,28
1622,2023-09-09 19:42:00,23
1623,2023-09-09 19:43:00,30
1624,2023-09-09 19:44:00,22
1625,2023-09-09 19:45:00,25
1626,2023-09-09 19:46:00,18
1627,2023-09-09 19:47:00,27
1628,2023-09-09 19:48:00,20
1629,2023-09-09 19:49:00,21
1630,2023-09-09 19:50:00,22
1631,2023-09-09 19:51:00,22
1632,2023-09-09 19:52:00,22
1633,2023-09-09 19:53:00,23
1634,2023-09-09 19:54:00,21
1635,2023-09-09 19:55:00,24
1636,2023-09-09 19:56:00,25
1637,2023-09-09 19:57:00,26
1638,2023-09-09 19:58:00,13
1639,2023-09-09 19:59:00,22
1640,2023-09-09 20:00:00,23
1641,2023-09-09 20:01:00,28
1642,2023-09-09 20:02:00,23
1643,2023-09-09 20:03:00,29
1644,2023-09-09 20:04:00,25
1645,2023-09-09 20:05:00,21
1646,2023-09-09 20:06:00,23
1647,2023-09-09 20:07:00,25
1648,2023-09-09 20:08:00,25
1649,2023-09-09 20:09:00,18
1650,2023-09-09 20:10:00,21
1651,2023-09-09 20:11:00,22
1652,2023-09-09 20:12:00,30
1653,2023-09-09 20:13:00,22
1654,2023-09-09 20:14:00,25
1655,2023-09-09 20:15:00,19
1656,2023-09-09 20:16:00,27
1657,2023-09-09 20:17:00,25
1658,2023-09-09 20:18:00,19
1659,2023-09-09 20:19:00,25
1660,2023-09-09 20:20:00,30
1661,2023-09-09 20:21:00,25
1662,2023-09-09 20:22:00,20
1663,2023-09-09 20:23:00,25
1664,2023-09-09 20:24:00,30
1665,2023-09-09 20:25:00,26
1666,2023-09-09 20:26:00,30
1667,2023-09-09 20:27:00,25
1668,2023-09-09 20:28:00,23
1669,2023-09-09 20:29:00,33
1670,2023-09-09 20:30:00,27
1671,2023-09-09 20:31:00,17
1672,2023-09-09 20:32:00,24
1673,2023-09-09 20:33:00,28
1674,2023-09-09 20:34:00,20
1675,2023-09-09 20:35:00,24
1676,2023-09-09 20:36:00,20
1677,2023-09-09 20:37:00,26
1678,2023-09-09 20:38:00,24
1679,2023-09-09 20:39:00,24
1680,2023-09-09 20:40:00,21
1681,2023-09-09 20:41:00,22
1682,2023-09-09 20:42:00,28
1683,2023-09-09 20:43:00,26
1684,2023-09-09 20:44:00,16
1685,2023-09-09 20:45:00,22
1686,2023-09-09 20:46:00,26
1687,2023-09-09 20:47:00,17
1688,2023-09-09 20:48:00,23
1689,2023-09-09 20:49:00,16
1690,2023-09-09 20:50:00,28
1691,2023-09-09 20:51:00,16
1692,2023-09-09 20:52:00,25
1693,2023-09-09 20:53:00,19
1694,2023-09-09 20:54:00,23
1695,2023-09-09 20:55:00,27
1696,2023-09-09 20:56:00,16
1697,2023-09-09 20:57:00,25
1698,2023-09-09 20:58:00,24
1699,2023-09-09 20:59:00,15
1700,2023-09-09 21:00:00,27
1701,2023-09-09 21:01:00,29
1702,2023-09-09 21:02:00,19
1703,2023-09-09 21:03:00,17
1704,2023-09-09 21:04:00,23
1705,2023-09-09 21:05:00,24
1706,2023-09-09 21:06:00,13
1707,2023-09-09 21:07:00,29
1708,2023-09-09 21:08:00,19
1709,2023-09-09 21:09:00,21
1710,2023-09-09 21:10:00,18
1711,2023-09-09 21:11:00,20
1712,2023-09-09 21:12:00,18
1713,2023-09-09 21:13:00,16
1714,2023-09-09 21:14:00,21
1715,2023-09-09 21:15:00,18
1716,2023-09-09 21:16:00,21
1717,2023-09-09 21:17:00,19
1718,2023-09-09 21:18:00,24
1719,2023-09-09 21:19:00,29
1720,2023-09-09 21:20:00,23
1721,2023-09-09 21:21:00,20
1722,2023-09-09 21:22:00,26
1723,2023-09-09 21:23:00,19
1724,2023-09-09 21:24:00,28
1725,2023-09-09 21:25:00,17
1726,2023-09-09 21:26:00,18
1727,2023-09-09 21:27:00,17
1728,2023-09-09 21:28:00,17
1729,2023-09-09 21:29:00,19
1730,2023-09-09 21:30:00,20
1731,2023-09-09 21:31:00,13
1732,2023-09-09 21:32:00,23
1733,2023-09-09 21:33:00,24
1734,2023-09-09 21:34:00,26
1735,2023-09-09 21:35:00,34
1736,2023-09-09 21:36:00,18
1737,2023-09-09 21:37:00,15
1738,2023-09-09 21:38:00,17
1739,2023-09-09 21:39:00,15
1740,2023-09-09 21:40:00,20
1741,2023-09-09 21:41:00,25
1742,2023-09-09 21:42:00,25
1743,2023-09-09 21:43:00,15
1744,2023-09-09 21:44:00,16
1745,2023-09-09 21:45:00,16
1746,2023-09-09 21:46:00,15
1747,2023-09-09 21:47:00,22
1748,2023-09-09 21:48:00,15
1749,2023-09-09 21:49:00,18
1750,2023-09-09 21:50:00,13
1751,2023-09-09 21:51:00,17
1752,2023-09-09 21:52:00,22
1753,2023-09-09 21:53:00,12
1754,2023-09-09 21:54:00,22
1755,2023-09-09 21:55:00,20
1756,2023-09-09 21:56:00,16
1757,2023-09-09 21:57:00,19
1758,2023-09-09 21:58:00,18
1759,2023-09-09 21:59:00,26
1760,2023-09-09 22:00:00,23
1761,2023-09-09 22:01:00,20
1762,2023-09-09 22:02:00,16
1763,2023-09-09 22:03:00,14
1764,2023-09-09 22:04:00,16
1765,2023-09-09 22:05:00,29
1766,2023-09-09 22:06:00,18
1767,2023-09-09 22:07:00,24
1768,2023-09-09 22:08:00,14
1769,2023-09-09 22:09:00,25
1770,2023-09-09 22:10:00,18
1771,2023-09-09 22:11:00,17
1772,2023-09-09 22:12:00,16
1773,2023-09-09 22:13:00,25
1774,2023-09-09 22:14:00,26
1775,2023-09-09 22:15:00,21
1776,2023-09-09 22:16:00,13
1777,2023-09-09 22:17:00,16
1778,2023-09-09 22:18:00,24
1779,2023-09-09 22:19:00,18
1780,2023-09-09 22:20:00,15
1781,2023-09-09 22:21:00,20
1782,2023-09-09 22:22:00,10
1783,2023-09-09 22:23:00,15
1784,2023-09-09 22:24:00,13
1785,2023-09-09 22:25:00,16
1786,2023-09-09 22:26:00,16
1787,2023-09-09 22:27:00,16
1788,2023-09-09 22:28:00,24
1789,2023-09-09 22:29:00,16
1790,2023-09-09 22:30:00,10
1791,2023-09-09 22:31:00,23
1792,2023-09-09 22:32:00,12
1793,2023-09-09 22:33:00,21
1794,2023-09-09 22:34:00,13
1795,2023-09-09 22:35:00,15
1796,2023-09-09 22:36:00,17
1797,2023-09-09 22:37:00,17
1798,2023-09-09 22:38:00,18
1799,2023-09-09 22:39:00,20
1800,2023-09-09 22:40:00,14
1801,2023-09-09 22:41:00,22
1802,2023-09-09 22:42:00,22
1803,2023-09-09 22:43:00,22
1804,2023-09-09 22:44:00,27
1805,2023-09-09 22:45:00,23
1806,2023-09-09 22:46:00,20
1807,2023-09-09 22:47:00,20
1808,2023-09-09 22:48:00,20
1809,2023-09-09 22:49:00,20
1810,2023-09-09 22:50:00,23
1811,2023-09-09 22:51:00,22
1812,2023-09-09 22:52:00,27
1813,2023-09-09 22:53:00,20
1814,2023-09-09 22:54:00,27
1815,2023-09-09 22:55:00,26
1816,2023-09-09 22:56:00,23
1817,2023-09-09 22:57:00,18
1818,2023-09-09 22:58:00,30
1819,2023-09-09 22:59:00,19
1820,2023-09-09 23:00:00,14
1821,2023-09-09 23:01:00,26
1822,2023-09-09 23:02:00,18
1823,2023-09-09 23:03:00,25
1824,2023-09-09 23:04:00,23
1825,2023-09-09 23:05:00,13
1826,2023-09-09 23:06:00,21
1827,2023-09-09 23:07:00,14
1828,2023-09-09 23:08:00,13
1829,2023-09-09 23:09:00,15
1830,2023-09-09 23:10:00,26
1831,2023-09-09 23:11:00,16
1832,2023-09-09 23:12:00,21
1833,2023-09-09 23:13:00,13
1834,2023-09-09 23:14:00,21
1835,2023-09-09 23:15:00,14
1836,2023-09-09 23:16:00,20
1837,2023-09-09 23:17:00,21
1838,2023-09-09 23:18:00,19
1839,2023-09-09 23:19:00,23
1840,2023-09-09 23:20:00,21
1841,2023-09-09 23:21:00,19
1842,2023-09-09 23:22:00,14
1843,2023-09-09 23:23:00,20
1844,2023-09-09 23:24:00,20
1845,2023-09-09 23:25:00,13
1846,2023-09-09 23:26:00,24
1847,2023-09-09 23:27:00,16
1848,2023-09-09 23:28:00,19
1849,2023-09-09 23:29:00,30
1850,2023-09-09 23:30:00,22
1851,2023-09-09 23:31:00,21
1852,2023-09-09 23:32:00,22
1853,2023-09-09 23:33:00,27
1854,2023-09-09 23:34:00,12
1855,2023-09-09 23:35:00,22
1856,2023-09-09 23:36:00,20
1857,2023-09-09 23:37:00,23
1858,2023-09-09 23:38:00,19
1859,2023-09-09 23:39:00,19
1860,2023-09-09 23:40:00,21
1861,2023-09-09 23:41:00,14
1862,2023-09-09 23:42:00,24
1863,2023-09-09 23:43:00,25
1864,2023-09-09 23:44:00,13
1865,2023-09-09 23:45:00,16
1866,2023-09-09 23:46:00,19
1867,2023-09-09 23:47:00,27
1868,2023-09-09 23:48:00,15
1869,2023-09-09 23:49:00,16
1870,2023-09-09 23:50:00,23
1871,2023-09-09 23:51:00,22
1872,2023-09-09 23:52:00,23
1873,2023-09-09 23:53:00,31
1874,2023-09-09 23:54:00,18
1875,2023-09-09 23:55:00,28
1876,2023-09-09 23:56:00,23
1877,2023-09-09 23:57:00,20
1878,2023-09-09 23:58:00,19
1879,2023-09-09 23:59:00,19
1880,2023-09-09 12:53:00,21
1881,2023-09-09 12:54:00,15
1882,2023-09-09 12:55:00,20
1883,2023-09-09 12:56:00,20
1884,2023-09-09 12:57:00,18
1885,2023-09-09 12:58:00,20
1886,2023-09-09 12:59:00,33
1887,2023-09-09 13:00:00,30
1888,2023-09-09 13:01:00,31
1889,2023-09-09 13:02:00,20
1890,2023-09-09 13:03:00,23
1891,2023-09-09 13:04:00,18
1892,2023-09-09 13:05:00,26
1893,2023-09-09 13:06:00,28
1894,2023-09-09 13:07:00,22
1895,2023-09-09 13:08:00,13
1896,2023-09-09 13:09:00,21
1897,2023-09-09 13:10:00,22
1898,2023-09-09 13:11:00,21
1899,2023-09-09 13:12:00,14
1900,2023-09-09 13:13:00,28
1901,2023-09-09 13:14:00,24
1902,2023-09-09 13:15:00,21
1903,2023-09-09 13:16:00,16
1904,2023-09-09 13:17:00,23
1905,2023-09-09 13:18:00,15
1906,2023-09-09 13:19:00,20
1907,2023-09-09 13:20:00,15
1908,2023-09-09 13:21:00,20
1909,2023-09-09 13:22:00,22
1910,2023-09-09 13:23:00,19
1911,2023-09-09 13:24:00,27
1912,2023-09-09 13:25:00,18
1913,2023-09-09 13:26:00,21
1914,2023-09-09 13:27:00,29
1915,2023-09-09 13:28:00,22
1916,2023-09-09 13:29:00,22
1917,2023-09-09 13:30:00,18
1918,2023-09-09 13:31:00,15
1919,2023-09-09 13:32:00,27
1920,2023-09-09 13:33:00,24
1921,2023-09-09 13:34:00,32
1922,2023-09-09 13:35:00,13
1923,2023-09-09 13:36:00,20
1924,2023-09-09 13:37:00,22
1925,2023-09-09 13:38:00,18
1926,2023-09-09 13:39:00,23
1927,2023-09-09 13:40:00,18
1928,2023-09-09 13:41:00,33
1929,2023-09-09 13:42:00,23
1930,2023-09-09 13:43:00,19
1931,2023-09-09 13:44:00,26
1932,2023-09-09 13:45:00,18
1933,2023-09-09 13:46:00,26
1934,2023-09-09 13:47:00,20
1935,2023-09-09 13:48:00,22
1936,2023-09-09 13:49:00,29
1937,2023-09-09 13:50:00,22
1938,2023-09-09 13:51:00,24
1939,2023-09-09 13:52:00,27
1940,2023-09-09 13:53:00,20
1941,2023-09-09 13:54:00,20
1942,2023-09-09 13:55:00,22
1943,2023-09-09 13:56:00,23
1944,2023-09-09 13:57:00,31
1945,2023-09-09 13:58:00,24
1946,2023-09-09 13:59:00,24
1947,2023-09-09 14:00:00,17
1948,2023-09-09 14:01:00,17
1949,2023-09-09 14:02:00,16
1950,2023-09-09 14:03:00,17
1951,2023-09-09 14:04:00,17
1952,2023-09-09 14:05:00,18
1953,2023-09-09 14:06:00,10
1954,2023-09-09 14:07:00,31
1955,2023-09-09 14:08:00,12
1956,2023-09-09 14:09:00,26
1957,2023-09-09 14:10:00,33
1958,2023-09-09 14:11:00,18
1959,2023-09-09 14:12:00,24
1960,2023-09-09 14:13:00,21
1961,2023-09-09 14:14:00,18
1962,2023-09-09 14:15:00,22
1963,2023-09-09 14:16:00,20
1964,2023-09-09 14:17:00,20
1965,2023-09-09 14:18:00,22
1966,2023-09-09 14:19:00,17
1967,2023-09-09 14:20:00,17
1968,2023-09-09 14:21:00,21
1969,2023-09-09 14:22:00,20
1970,2023-09-09 14:23:00,25
1971,2023-09-09 14:24:00,21
1972,2023-09-09 14:25:00,22
1973,2023-09-09 14:26:00,28
1974,2023-09-09 14:27:00,15
1975,2023-09-09 14:28:00,22
1976,2023-09-09 14:29:00,21
1977,2023-09-09 14:30:00,24
1978,2023-09-09 14:31:00,20
1979,2023-09-09 14:32:00,13
1980,2023-09-09 14:33:00,17
1981,2023-09-09 14:34:00,24
1982,2023-09-09 14:35:00,12
1983,2023-09-09 14:36:00,24
1984,2023-09-09 14:37:00,19
1985,2023-09-09 14:38:00,17
1986,2023-09-09 14:39:00,19
1987,2023-09-09 14:40:00,17
1988,2023-09-09 14:41:00,18
1989,2023-09-09 14:42:00,18
1990,2023-09-09 14:43:00,18
1991,2023-09-09 14:44:00,15
1992,2023-09-09 14:45:00,22
1993,2023-09-09 14:46:00,22
1994,2023-09-09 14:47:00,22
1995,2023-09-09 14:48:00,24
1996,2023-09-09 14:49:00,19
1997,2023-09-09 14:50:00,21
1998,2023-09-09 14:51:00,19
1999,2023-09-09 14:52:00,18
2000,2023-09-09 14:53:00,26
2001,2023-09-09 14:54:00,14
2002,2023-09-09 14:55:00,25
2003,2023-09-09 14:56:00,16
2004,2023-09-09 14:57:00,18
2005,2023-09-09 14:58:00,24
2006,2023-09-09 14:59:00,13
2007,2023-09-09 15:00:00,25
2008,2023-09-09 15:01:00,28
2009,2023-09-09 15:02:00,22
2010,2023-09-09 15:03:00,19
2011,2023-09-09 15:04:00,26
2012,2023-09-09 15:05:00,27
2013,2023-09-09 15:06:00,22
2014,2023-09-09 15:07:00,18
2015,2023-09-09 15:08:00,24
2016,2023-09-09 15:09:00,21
2017,2023-09-09 15:10:00,33
2018,2023-09-09 15:11:00,21
2019,2023-09-09 15:12:00,24
2020,2023-09-09 15:13:00,30
2021,2023-09-09 15:14:00,34
2022,2023-09-09 15:15:00,26
2023,2023-09-09 15:16:00,35
2024,2023-09-09 15:17:00,31
2025,2023-09-09 15:18:00,33
2026,2023-09-09 15:19:00,37
2027,2023-09-09 15:20:00,31
2028,2023-09-09 15:21:00,27
2029,2023-09-09 15:22:00,29
2030,2023-09-09 15:23:00,40
2031,2023-09-09 15:24:00,45
2032,2023-09-09 15:25:00,39
2033,2023-09-09 15:26:00,38
2034,2023-09-09 15:27:00,30
2035,2023-09-09 15:28:00,32
2036,2023-09-09 15:29:00,39
2037,2023-09-09 15:30:00,32
2038,2023-09-09 15:31:00,36
2039,2023-09-09 15:32:00,34
2040,2023-09-09 15:33:00,37
2041,2023-09-09 15:34:00,31
2042,2023-09-09 15:35:00,33
2043,2023-09-09 15:36:00,37
2044,2023-09-09 15:37:00,28
2045,2023-09-09 15:38:00,37
2046,2023-09-09 15:39:00,27
2047,2023-09-09 15:40:00,36
2048,2023-09-09 15:41:00,33
2049,2023-09-09 15:42:00,39
2050,2023-09-09 15:43:00,33
2051,2023-09-09 15:44:00,32
2052,2023-09-09 15:45:00,39
2053,2023-09-09 15:46:00,38
2054,2023-09-09 15:47:00,32
2055,2023-09-09 15:48:00,42
2056,2023-09-09 15:49:00,41
2057,2023-09-09 15:50:00,25
2058,2023-09-09 15:51:00,32
2059,2023-09-09 15:52:00,33
2060,2023-09-09 15:53:00,36
2061,2023-09-09 15:54:00,25
2062,2023-09-09 15:55:00,21
2063,2023-09-09 15:56:00,48
2064,2023-09-09 15:57:00,35
2065,2023-09-09 15:58:00,29
2066,2023-09-09 15:59:00,26
2067,2023-09-09 16:00:00,32
2068,2023-09-09 16:01:00,37
2069,2023-09-09 16:02:00,37
2070,2023-09-09 16:03:00,39
2071,2023-09-09 16:04:00,36
2072,2023-09-09 16:05:00,34
2073,2023-09-09 16:06:00,32
2074,2023-09-09 16:07:00,43
2075,2023-09-09 16:08:00,36
2076,2023-09-09 16:09:00,34
2077,2023-09-09 16:10:00,32
2078,2023-09-09 16:11:00,29
2079,2023-09-09 16:12:00,35
2080,2023-09-09 16:13:00,36
2081,2023-09-09 16:14:00,38
2082,2023-09-09 16:15:00,29
2083,2023-09-09 16:16:00,33
2084,2023-09-09 16:17:00,38
2085,2023-09-09 16:18:00,42
2086,2023-09-09 16:19:00,40
2087,2023-09-09 16:20:00,38
2088,2023-09-09 16:21:00,34
2089,2023-09-09 16:22:00,44
2090,2023-09-09 16:23:00,26
2091,2023-09-09 16:24:00,41
2092,2023-09-09 16:25:00,39
2093,2023-09-09 16:26:00,44
2094,2023-09-09 16:27:00,38
2095,2023-09-09 16:28:00,39
2096,2023-09-09 16:29:00,35
2097,2023-09-09 16:30:00,31
2098,2023-09-09 16:31:00,41
2099,2023-09-09 16:32:00,45
2100,2023-09-09 16:33:00,36
2101,2023-09-09 16:34:00,45
2102,2023-09-09 16:35:00,35
2103,2023-09-09 16:36:00,23
2104,2023-09-09 16:37:00,33
2105,2023-09-09 16:38:00,36
2106,2023-09-09 16:39:00,38
2107,2023-09-09 16:19:00,27
2108,2023-09-09 16:19:00,26
2109,2023-09-09 16:19:00,36
2110,2023-09-09 16:19:00,31
2111,2023-09-09 16:19:00,31
2112,2023-09-09 16:19:00,37
2113,2023-09-09 16:19:00,41
2114,2023-09-09 16:19:00,36
2115,2023-09-09 16:19:00,34
2116,2023-09-09 16:19:00,20
2117,2023-09-09 16:19:00,31
2118,2023-09-09 16:19:00,25
2119,2023-09-09 16:19:00,32
2120,2023-09-09 16:19:00,25
2121,2023-09-09 16:19:00,28
2122,2023-09-09 16:19:00,32
2123,2023-09-09 16:19:00,38
2124,2023-09-09 16:19:00,19
2125,2023-09-09 16:19:00,42
2126,2023-09-09 16:19:00,33
2127,2023-09-09 16:19:00,39
2128,2023-09-09 16:19:00,38
2129,2023-09-09 16:19:00,41
2130,2023-09-09 16:19:00,24
2131,2023-09-09 16:19:00,29
2132,2023-09-09 16:19:00,31
2133,2023-09-09 16:19:00,36
2134,2023-09-09 16:19:00,38
2135,2023-09-09 16:19:00,41
2136,2023-09-09 16:19:00,32
2137,2023-09-09 16:19:00,27
2138,2023-09-09 16:19:00,33
2139,2023-09-09 16:19:00,33
2140,2023-09-09 16:19:00,26
2141,2023-09-09 16:19:00,27
2142,2023-09-09 16:19:00,26
2143,2023-09-09 16:19:00,33
2144,2023-09-09 16:19:00,32
2145,2023-09-09 16:19:00,38
2146,2023-09-09 16:19:00,20
2147,2023-09-09 16:19:00,24
2148,2023-09-09 16:19:00,31
2149,2023-09-09 16:19:00,37
2150,2023-09-09 16:19:00,41
2151,2023-09-09 16:19:00,36
2152,2023-09-09 16:19:00,28
2153,2023-09-09 16:19:00,36
2154,2023-09-09 16:19:00,33
2155,2023-09-09 16:19:00,39
2156,2023-09-09 16:19:00,43
2157,2023-09-09 16:19:00,28
2158,2023-09-09 16:19:00,30
2159,2023-09-09 16:19:00,33
2160,2023-09-09 16:19:00,35
2161,2023-09-09 16:19:00,44
2162,2023-09-09 16:19:00,42
2163,2023-09-09 16:19:00,32
2164,2023-09-09 16:19:00,33
2165,2023-09-09 16:19:00,42
2166,2023-09-09 16:19:00,35
2167,2023-09-09 16:19:00,39
2168,2023-09-09 16:19:00,40
2169,2023-09-09 16:19:00,38
2170,2023-09-09 16:19:00,32
2171,2023-09-09 16:19:00,36
2172,2023-09-09 16:19:00,36
2173,2023-09-09 16:19:00,31
2174,2023-09-09 16:19:00,35
2175,2023-09-09 16:19:00,33
2176,2023-09-09 16:19:00,23
2177,2023-09-09 16:19:00,30
2178,2023-09-09 16:19:00,35
2179,2023-09-09 16:19:00,35
2180,2023-09-09 16:19:00,31
2181,2023-09-09 16:19:00,34
2182,2023-09-09 16:19:00,39
2183,2023-09-09 16:19:00,36
2184,2023-09-09 16:19:00,33
2185,2023-09-09 16:19:00,31
2186,2023-09-09 16:19:00,29
2187,2023-09-09 16:19:00,29
2188,2023-09-09 16:19:00,36
2189,2023-09-09 16:19:00,34
2190,2023-09-09 16:19:00,23
2191,2023-09-09 16:19:00,40
2192,2023-09-09 16:19:00,34
2193,2023-09-09 16:19:00,27
2194,2023-09-09 16:19:00,22
2195,2023-09-09 16:19:00,26
2196,2023-09-09 16:19:00,34
2197,2023-09-09 16:19:00,29
2198,2023-09-09 16:19:00,35
2199,2023-09-09 16:19:00,24
2200,2023-09-09 16:19:00,28
2201,2023-09-09 16:19:00,24
2202,2023-09-09 16:19:00,22
2203,2023-09-09 16:19:00,27
2204,2023-09-09 16:19:00,32
2205,2023-09-09 16:19:00,22
2206,2023-09-09 16:19:00,25
